lambda,spatial_mode,peak_rank,omega,relative_amplitude,nearest_linear_n,nearest_linear_omega,difference_from_linear
0.00000,1,1,3.1415141157,1.0000000000e+00,1,3.1415926536,0.0000785379
0.00000,2,1,6.2830282315,1.0000000000e+00,2,6.2831853072,0.0001570757
0.00000,2,2,6.1652214521,1.0173280544e-01,2,6.2831853072,0.1179638550
0.00000,2,3,6.0081457463,6.9423404779e-02,2,6.2831853072,0.2750395608
0.00000,2,4,6.4793728637,5.8820982134e-02,2,6.2831853072,0.1961875565
0.00000,2,5,6.5579107166,4.5713281907e-02,2,6.2831853072,0.2747254094
0.00000,2,6,6.6757174959,4.3041985309e-02,2,6.2831853072,0.3925321888
0.00000,2,7,3.1415141157,3.6785928361e-02,1,3.1415926536,0.0000785379
0.00000,2,8,5.6547254083,3.4862223873e-02,2,6.2831853072,0.6284598989
0.00000,2,9,6.8327932017,2.8514895199e-02,2,6.2831853072,0.5496078945
0.00000,2,10,7.0684067604,2.6596818570e-02,2,6.2831853072,0.7852214532
0.00000,2,11,5.8510700406,2.5384333015e-02,2,6.2831853072,0.4321152666
0.00000,2,12,7.3040203191,2.4056531113e-02,2,6.2831853072,1.0208350119
0.00000,3,1,9.4245423472,1.0000000000e+00,3,9.4247779608,0.0002356136
0.00000,3,2,9.2281977150,7.5974366366e-02,3,9.4247779608,0.1965802458
0.00000,3,3,9.5423491266,6.2770258172e-02,3,9.4247779608,0.1175711658
0.00000,3,4,9.7386937588,4.5846942973e-02,3,9.4247779608,0.3139157980
0.00000,3,5,9.6601559059,4.5051991250e-02,3,9.4247779608,0.2353779451
0.00000,3,6,8.6784327447,1.9747206629e-02,3,9.4247779608,0.7463452160
0.00000,3,7,9.8957694646,1.9117763645e-02,3,9.4247779608,0.4709915038
0.00000,3,8,8.9533152299,1.8146239705e-02,3,9.4247779608,0.4714627309
0.00000,3,9,9.0711220092,1.6787813326e-02,3,9.4247779608,0.3536559516
0.00000,3,10,8.4035502596,1.5609558475e-02,3,9.4247779608,1.0212277012
0.00000,3,11,8.8747773770,1.4384078330e-02,3,9.4247779608,0.5500005838
0.00000,3,12,8.7962395241,1.3555119347e-02,3,9.4247779608,0.6285384367
0.00000,4,1,12.5660564629,1.0000000000e+00,4,12.5663706144,0.0003141514
0.00000,4,2,12.6838632423,1.5237444756e-01,4,12.5663706144,0.1174926279
0.00000,4,3,12.3304429043,1.4311934805e-01,4,12.5663706144,0.2359277101
0.00000,4,4,12.4482496836,1.0803375325e-01,4,12.5663706144,0.1181209308
0.00000,4,5,12.8016700216,8.2306646356e-02,4,12.5663706144,0.2352994073
0.00000,4,6,12.9587457274,8.0755975725e-02,4,12.5663706144,0.3923751131
0.00000,4,7,11.8984847134,5.2786962007e-02,4,12.5663706144,0.6678859010
0.00000,4,8,12.1340982720,4.7186876191e-02,4,12.5663706144,0.4322723423
0.00000,4,9,12.0162914927,4.4342395599e-02,4,12.5663706144,0.5500791217
0.00000,4,10,13.1158214332,4.1897280885e-02,4,12.5663706144,0.5494508188
0.00000,4,11,11.7021400811,3.8164011786e-02,4,12.5663706144,0.8642305332
0.00000,4,12,13.2728971390,2.5236225577e-02,4,12.5663706144,0.7065265246
0.00000,5,1,15.7075705787,1.0000000000e+00,5,15.7079632679,0.0003926893
0.00000,5,2,15.5504948729,1.0591645329e-01,5,15.7079632679,0.1574683951
0.00000,5,3,15.4326880936,5.5687697562e-02,5,15.7079632679,0.2752751744
0.00000,5,4,15.9824530638,4.1124656246e-02,5,15.7079632679,0.2744897959
0.00000,5,5,15.2363434613,3.8751947720e-02,5,15.7079632679,0.4716198066
0.00000,5,6,15.1185366820,3.7445676394e-02,5,15.7079632679,0.5894265860
0.00000,5,7,3.1415141157,3.0588804658e-02,1,3.1415926536,0.0000785379
0.00000,5,8,16.2180666225,2.8469834345e-02,5,15.7079632679,0.5101033545
0.00000,5,9,16.1002598432,2.4015825734e-02,5,15.7079632679,0.3922965752
0.00000,5,10,16.4929491076,2.3330736963e-02,5,15.7079632679,0.7849858397
0.00000,5,11,16.2966044754,2.2948223804e-02,5,15.7079632679,0.5886412074
0.00000,5,12,16.5714869605,2.2193315379e-02,5,15.7079632679,0.8635236926
0.00000,6,1,18.8490846944,1.0000000000e+00,6,18.8495559215,0.0004712271
0.00000,6,2,19.0061604002,1.7517581306e-01,6,18.8495559215,0.1566044787
0.00000,6,3,3.1415141157,1.3112136885e-01,1,3.1415926536,0.0000785379
0.00000,6,4,18.5742022093,9.2214605313e-02,6,18.8495559215,0.2753537122
0.00000,6,5,19.2417739589,9.2143628589e-02,6,18.8495559215,0.3922180373
0.00000,6,6,18.6920089886,8.8741991087e-02,6,18.8495559215,0.1575469329
0.00000,6,7,19.5166564440,4.5171476839e-02,6,18.8495559215,0.6671005225
0.00000,6,8,18.4563954300,4.3622740971e-02,6,18.8495559215,0.3931604916
0.00000,6,9,18.2600507977,3.3799101316e-02,6,18.8495559215,0.5895051238
0.00000,6,10,18.3385886506,2.9983269135e-02,6,18.8495559215,0.5109672709
0.00000,6,11,19.7915389291,2.4647070719e-02,6,18.8495559215,0.9419830076
0.00000,6,12,17.7102858275,2.3495474524e-02,6,18.8495559215,1.1392700941
0.00000,7,1,21.9905988102,1.0000000000e+00,7,21.9911485751,0.0005497650
0.00000,7,2,22.1084055895,9.3507663469e-02,7,21.9911485751,0.1172570144
0.00000,7,3,22.2654812953,6.1497221720e-02,7,21.9911485751,0.2743327202
0.00000,7,4,21.5979095457,3.7689247156e-02,7,21.9911485751,0.3932390294
0.00000,7,5,21.7549852515,3.6971004134e-02,7,21.9911485751,0.2361633237
0.00000,7,6,22.8152462655,2.3278565025e-02,7,21.9911485751,0.8240976904
0.00000,7,7,22.6974394862,2.2812627636e-02,7,21.9911485751,0.7062909111
0.00000,7,8,22.5403637804,2.2300694523e-02,7,21.9911485751,0.5492152053
0.00000,7,9,22.3832880746,2.0492770559e-02,7,21.9911485751,0.3921394995
0.00000,7,10,22.4618259275,1.5887347234e-02,7,21.9911485751,0.4706773524
0.00000,7,11,23.6006247945,1.5226711832e-02,8,25.1327412287,1.5321164342
0.00000,7,12,20.8125310168,1.4524842435e-02,7,21.9911485751,1.1786175584
0.00000,8,1,25.1321129259,1.0000000000e+00,8,25.1327412287,0.0006283028
0.00000,8,2,25.2891886317,1.0319289883e-01,8,25.1327412287,0.1564474030
0.00000,8,3,25.0143061466,9.8974671011e-02,8,25.1327412287,0.1184350822
0.00000,8,4,24.8179615143,4.3581937954e-02,8,25.1327412287,0.3147797144
0.00000,8,5,25.6033400433,3.1526720723e-02,8,25.1327412287,0.4705988145
0.00000,8,6,3.1415141157,2.3433400080e-02,1,3.1415926536,0.0000785379
0.00000,8,7,25.6818778961,1.8414375296e-02,8,25.1327412287,0.5491366674
0.00000,8,8,26.2316428664,1.3567603593e-02,8,25.1327412287,1.0989016377
0.00000,8,9,24.4645411763,1.2723852539e-02,8,25.1327412287,0.6682000524
0.00000,8,10,24.3860033234,1.2496664956e-02,8,25.1327412287,0.7467379053
0.00000,8,11,24.2681965441,1.1787395475e-02,8,25.1327412287,0.8645446847
0.00000,8,12,26.3494496457,9.6028194850e-03,8,25.1327412287,1.2167084170
0.25000,1,1,3.1807830422,1.0000000000e+00,1,3.1415926536,0.0391903886
0.25000,1,2,0.0392689264,9.2124726109e-04,0,0.0000000000,0.0392689264
0.25000,1,3,9.5030802001,6.4103339716e-04,3,9.4247779608,0.0783022393
0.25000,2,1,6.2830282315,1.0000000000e+00,2,6.2831853072,0.0001570757
0.25000,2,2,6.6757174959,4.6954693404e-02,2,6.2831853072,0.3925321888
0.25000,2,3,6.0866835992,2.4036081933e-02,2,6.2831853072,0.1965017079
0.25000,2,4,5.5761875554,2.2809791598e-02,2,6.2831853072,0.7069977517
0.25000,2,5,5.6939943348,2.1030147481e-02,2,6.2831853072,0.5891909724
0.25000,2,6,6.5186417902,2.0946248172e-02,2,6.2831853072,0.2354564830
0.25000,2,7,3.1807830422,2.0301133400e-02,1,3.1415926536,0.0391903886
0.25000,2,8,7.0684067604,1.8088352801e-02,2,6.2831853072,0.7852214532
0.25000,2,9,5.8118011141,1.6595878779e-02,2,6.2831853072,0.4713841931
0.25000,2,10,5.8903389670,1.6256833107e-02,2,6.2831853072,0.3928463402
0.25000,2,11,6.9113310546,1.3012232597e-02,2,6.2831853072,0.6281457474
0.25000,2,12,5.3013050703,1.1769251136e-02,2,6.2831853072,0.9818802369
0.25000,3,1,9.4638112737,1.0000000000e+00,3,9.4247779608,0.0390333129
0.25000,3,2,3.1807830422,3.6406619254e-02,1,3.1415926536,0.0391903886
0.25000,3,3,0.0392689264,1.1992433090e-03,0,0.0000000000,0.0392689264
0.25000,3,4,15.7861084316,5.9895175620e-04,5,15.7079632679,0.0781451636
0.25000,4,1,12.5660564629,1.0000000000e+00,4,12.5663706144,0.0003141514
0.25000,4,2,12.7231321687,1.1363698900e-01,4,12.5663706144,0.1567615544
0.25000,4,3,13.0765525068,4.9925240282e-02,4,12.5663706144,0.5101818924
0.25000,4,4,12.9587457274,4.7348395802e-02,4,12.5663706144,0.3923751131
0.25000,4,5,12.3304429043,3.8426984984e-02,4,12.5663706144,0.2359277101
0.25000,4,6,13.2728971390,2.6891319291e-02,4,12.5663706144,0.7065265246
0.25000,4,7,13.3514349919,2.4686665884e-02,4,12.5663706144,0.7850643775
0.25000,4,8,13.6263174770,2.1295401666e-02,4,12.5663706144,1.0599468626
0.25000,4,9,11.7021400811,1.9228963672e-02,4,12.5663706144,0.8642305332
0.25000,4,10,11.3879886695,1.7180813937e-02,4,12.5663706144,1.1783819448
0.25000,4,11,12.1733671985,1.7035229325e-02,4,12.5663706144,0.3930034159
0.25000,4,12,13.7441242563,1.6197103779e-02,4,12.5663706144,1.1777536420
0.25000,5,1,15.7468395051,1.0000000000e+00,5,15.7079632679,0.0388762372
0.25000,5,2,9.4638112737,1.7580820029e-02,3,9.4247779608,0.0390333129
0.25000,5,3,3.1022451893,5.6131802105e-03,1,3.1415926536,0.0393474643
0.25000,5,4,22.0691366631,5.3506999916e-04,7,21.9911485751,0.0779880879
0.25000,5,5,0.0392689264,1.6136898255e-04,0,0.0000000000,0.0392689264
0.25000,6,1,18.8490846944,1.0000000000e+00,6,18.8495559215,0.0004712271
0.25000,6,2,18.9668914738,1.2111124785e-01,6,18.8495559215,0.1173355522
0.25000,6,3,19.0846982531,5.3765895894e-02,6,18.8495559215,0.2351423316
0.25000,6,4,3.1807830422,4.5799656807e-02,1,3.1415926536,0.0391903886
0.25000,6,5,19.2025050324,2.8719007236e-02,6,18.8495559215,0.3529491109
0.25000,6,6,18.4956643564,2.1713362809e-02,6,18.8495559215,0.3538915651
0.25000,6,7,19.5559253705,2.0507567254e-02,6,18.8495559215,0.7063694489
0.25000,6,8,18.4171265035,1.9054747730e-02,6,18.8495559215,0.4324294180
0.25000,6,9,19.3988496647,1.6743052217e-02,6,18.8495559215,0.5492937431
0.25000,6,10,19.9093457085,1.4697592072e-02,6,18.8495559215,1.0597897869
0.25000,6,11,19.2810428853,1.4232775893e-02,6,18.8495559215,0.4314869638
0.25000,6,12,19.7522700027,1.3119992113e-02,6,18.8495559215,0.9027140812
0.25000,7,1,22.0298677366,1.0000000000e+00,7,21.9911485751,0.0387191615
0.25000,7,2,15.7468395051,2.1953532902e-02,5,15.7079632679,0.0388762372
0.25000,7,3,3.1807830422,5.8123133147e-03,1,3.1415926536,0.0391903886
0.25000,7,4,9.4245423472,4.4696013085e-03,3,9.4247779608,0.0002356136
0.25000,7,5,28.3914338210,5.5902796396e-04,9,28.2743338823,0.1170999387
0.25000,7,6,21.8335231044,3.4249859214e-04,7,21.9911485751,0.1576254708
0.25000,7,7,0.0392689264,1.6324857333e-04,0,0.0000000000,0.0392689264
0.25000,8,1,25.0928439994,1.0000000000e+00,8,25.1327412287,0.0398972293
0.25000,8,2,25.2106507788,8.8573101899e-01,8,25.1327412287,0.0779095501
0.25000,8,3,25.4069954110,3.8244749140e-01,8,25.1327412287,0.2742541823
0.25000,8,4,24.9357682937,3.4910140788e-01,8,25.1327412287,0.1969729351
0.25000,8,5,24.8572304408,2.7541741611e-01,8,25.1327412287,0.2755107880
0.25000,8,6,24.1896586912,1.8995568750e-01,8,25.1327412287,0.9430825375
0.25000,8,7,24.4645411763,1.6697818893e-01,8,25.1327412287,0.6682000524
0.25000,8,8,3.1807830422,1.5096202558e-01,1,3.1415926536,0.0391903886
0.25000,8,9,25.5248021904,1.4729837959e-01,8,25.1327412287,0.3920609616
0.25000,8,10,24.6216168821,1.3667251176e-01,8,25.1327412287,0.5111243466
0.25000,8,11,25.8389536019,1.3372567008e-01,8,25.1327412287,0.7062123732
0.25000,8,12,24.7394236614,1.2567588819e-01,8,25.1327412287,0.3933175673
0.50000,1,1,3.1807830422,1.0000000000e+00,1,3.1415926536,0.0391903886
0.50000,1,2,0.0392689264,1.4801913753e-03,0,0.0000000000,0.0392689264
0.50000,1,3,9.5423491266,1.0781573235e-03,3,9.4247779608,0.1175711658
0.50000,2,1,6.3222971579,1.0000000000e+00,2,6.2831853072,0.0391118507
0.50000,2,2,6.4793728637,1.9689667168e-01,2,6.2831853072,0.1961875565
0.50000,2,3,6.0866835992,1.0068751837e-01,2,6.2831853072,0.1965017079
0.50000,2,4,6.6364485695,9.6826433918e-02,2,6.2831853072,0.3532632623
0.50000,2,5,5.9296078935,9.5623682408e-02,2,6.2831853072,0.3535774137
0.50000,2,6,3.1807830422,7.0659705698e-02,1,3.1415926536,0.0391903886
0.50000,2,7,5.4191118496,5.0741118713e-02,2,6.2831853072,0.8640734575
0.50000,2,8,6.9898689075,4.8744069031e-02,2,6.2831853072,0.7066836003
0.50000,2,9,6.8327932017,4.5681729213e-02,2,6.2831853072,0.5496078945
0.50000,2,10,6.9113310546,2.8828541985e-02,2,6.2831853072,0.6281457474
0.50000,2,11,5.3013050703,2.8348252230e-02,2,6.2831853072,0.9818802369
0.50000,2,12,3.7305480124,2.7532321920e-02,1,3.1415926536,0.5889553588
0.50000,3,1,9.5423491266,1.0000000000e+00,3,9.4247779608,0.1175711658
0.50000,3,2,9.4245423472,8.9633279030e-01,3,9.4247779608,0.0002356136
0.50000,3,3,3.1807830422,9.4590946034e-02,1,3.1415926536,0.0391903886
0.50000,3,4,3.0629762628,2.5360176625e-03,1,3.1415926536,0.0786163907
0.50000,3,5,15.9431841374,1.2729516865e-03,5,15.7079632679,0.2352208694
0.50000,3,6,15.8253773580,1.1800902060e-03,5,15.7079632679,0.1174140901
0.50000,3,7,0.0392689264,2.8947824034e-04,0,0.0000000000,0.0392689264
0.50000,4,1,12.5660564629,1.0000000000e+00,4,12.5663706144,0.0003141514
0.50000,4,2,12.6838632423,1.4061285986e-01,4,12.5663706144,0.1174926279
0.50000,4,3,12.9194768010,3.8407172658e-02,4,12.5663706144,0.3531061866
0.50000,4,4,12.2519050514,3.7701366475e-02,4,12.5663706144,0.3144655630
0.50000,4,5,13.1158214332,2.6778547019e-02,4,12.5663706144,0.5494508188
0.50000,4,6,13.5085106977,1.4603836220e-02,4,12.5663706144,0.9421400833
0.50000,4,7,11.2309129638,1.1924826135e-02,4,12.5663706144,1.3354576506
0.50000,4,8,11.0738372580,1.1382861948e-02,4,12.5663706144,1.4925333564
0.50000,4,9,11.8984847134,1.1196113763e-02,4,12.5663706144,0.6678859010
0.50000,4,10,13.2728971390,1.0895210729e-02,4,12.5663706144,0.7065265246
0.50000,4,11,14.0582756679,8.5827789577e-03,4,12.5663706144,1.4919050536
0.50000,4,12,11.5450643753,8.5404324010e-03,4,12.5663706144,1.0213062390
0.50000,5,1,15.8253773580,1.0000000000e+00,5,15.7079632679,0.1174140901
0.50000,5,2,15.7075705787,5.5591131295e-01,5,15.7079632679,0.0003926893
0.50000,5,3,15.9431841374,4.8569791566e-01,5,15.7079632679,0.2352208694
0.50000,5,4,9.5423491266,3.7115688965e-02,3,9.4247779608,0.1175711658
0.50000,5,5,9.4245423472,3.4807517920e-02,3,9.4247779608,0.0002356136
0.50000,5,6,3.0629762628,1.2999178703e-02,1,3.1415926536,0.0786163907
0.50000,5,7,3.1807830422,1.1158027100e-02,1,3.1415926536,0.0391903886
0.50000,5,8,22.1869434424,1.2226718887e-03,7,21.9911485751,0.1957948673
0.50000,5,9,22.3047502217,6.2870482837e-04,7,21.9911485751,0.3136016466
0.50000,5,10,0.0392689264,4.8857363182e-04,0,0.0000000000,0.0392689264
0.50000,6,1,18.8490846944,1.0000000000e+00,6,18.8495559215,0.0004712271
0.50000,6,2,18.9668914738,7.0566349265e-02,6,18.8495559215,0.1173355522
0.50000,6,3,18.7312779151,6.5857097987e-02,6,18.8495559215,0.1182780065
0.50000,6,4,19.0846982531,5.1764413864e-02,6,18.8495559215,0.2351423316
0.50000,6,5,3.1807830422,5.0463434914e-02,1,3.1415926536,0.0391903886
0.50000,6,6,18.3385886506,3.2876832869e-02,6,18.8495559215,0.5109672709
0.50000,6,7,18.4956643564,3.1592737892e-02,6,18.8495559215,0.3538915651
0.50000,6,8,19.6344632234,2.4769815825e-02,6,18.8495559215,0.7849073018
0.50000,6,9,19.4381185911,2.3636321254e-02,6,18.8495559215,0.5885626696
0.50000,6,10,19.2417739589,2.2896585683e-02,6,18.8495559215,0.3922180373
0.50000,6,11,18.1815129448,1.8318165855e-02,6,18.8495559215,0.6680429767
0.50000,6,12,18.0244372390,1.2772447264e-02,6,18.8495559215,0.8251186825
0.50000,7,1,22.1869434424,1.0000000000e+00,7,21.9911485751,0.1957948673
0.50000,7,2,22.0691366631,7.5265196423e-01,7,21.9911485751,0.0779880879
0.50000,7,3,21.9905988102,4.8428693887e-01,7,21.9911485751,0.0005497650
0.50000,7,4,22.3047502217,3.1843948103e-01,7,21.9911485751,0.3136016466
0.50000,7,5,15.8253773580,5.0068320720e-02,5,15.7079632679,0.1174140901
0.50000,7,6,15.9431841374,2.4151603524e-02,5,15.7079632679,0.2352208694
0.50000,7,7,15.7075705787,2.1888738779e-02,5,15.7079632679,0.0003926893
0.50000,7,8,3.1807830422,1.5543556950e-02,1,3.1415926536,0.0391903886
0.50000,7,9,3.2985898215,8.2427901832e-03,1,3.1415926536,0.1569971679
0.50000,7,10,9.4245423472,7.3041744358e-03,3,9.4247779608,0.0002356136
0.50000,7,11,3.0629762628,7.1442686901e-03,1,3.1415926536,0.0786163907
0.50000,7,12,9.3460044943,6.2768293041e-03,3,9.4247779608,0.0787734665
0.50000,8,1,25.1321129259,1.0000000000e+00,8,25.1327412287,0.0006283028
0.50000,8,2,25.2891886317,7.7028718590e-02,8,25.1327412287,0.1564474030
0.50000,8,3,24.8572304408,4.6905543726e-02,8,25.1327412287,0.2755107880
0.50000,8,4,24.7394236614,3.3812373874e-02,8,25.1327412287,0.3933175673
0.50000,8,5,25.6426089697,2.4341258230e-02,8,25.1327412287,0.5098677410
0.50000,8,6,24.6216168821,2.2272442262e-02,8,25.1327412287,0.5111243466
0.50000,8,7,25.5248021904,2.1546524116e-02,8,25.1327412287,0.3920609616
0.50000,8,8,3.1807830422,1.8884197565e-02,1,3.1415926536,0.0391903886
0.50000,8,9,24.3860033234,1.5458202285e-02,8,25.1327412287,0.7467379053
0.50000,8,10,24.5038101027,1.1481350101e-02,8,25.1327412287,0.6289311260
0.50000,8,11,24.2681965441,1.1433977515e-02,8,25.1327412287,0.8645446847
0.50000,8,12,25.7996846755,1.1291356703e-02,8,25.1327412287,0.6669434468
0.75000,1,1,3.2200519686,1.0000000000e+00,1,3.1415926536,0.0784593150
0.75000,1,2,0.0392689264,1.9119072846e-03,0,0.0000000000,0.0392689264
0.75000,1,3,9.6208869794,1.8562682745e-03,3,9.4247779608,0.1961090187
0.75000,2,1,6.2830282315,1.0000000000e+00,2,6.2831853072,0.0001570757
0.75000,2,2,6.4008350108,2.4963261316e-01,2,6.2831853072,0.1176497036
0.75000,2,3,6.0866835992,1.9295072284e-01,2,6.2831853072,0.1965017079
0.75000,2,4,6.5971796430,1.4214624352e-01,2,6.2831853072,0.3139943359
0.75000,2,5,6.0081457463,1.3444427938e-01,2,6.2831853072,0.2750395608
0.75000,2,6,6.6757174959,1.3388745056e-01,2,6.2831853072,0.3925321888
0.75000,2,7,6.4793728637,1.2981615486e-01,2,6.2831853072,0.1961875565
0.75000,2,8,3.2200519686,6.9195883149e-02,1,3.1415926536,0.0784593150
0.75000,2,9,5.7332632612,6.6674680138e-02,2,6.2831853072,0.5499220460
0.75000,2,10,6.9898689075,4.2397815470e-02,2,6.2831853072,0.7066836003
0.75000,2,11,7.9323231422,3.8369384087e-02,3,9.4247779608,1.4924548185
0.75000,2,12,7.1076756869,3.8162493672e-02,2,6.2831853072,0.8244903797
0.75000,3,1,9.6208869794,1.0000000000e+00,3,9.4247779608,0.1961090187
0.75000,3,2,9.4638112737,8.4272820399e-01,3,9.4247779608,0.0390333129
0.75000,3,3,3.2200519686,1.1873392895e-01,1,3.1415926536,0.0784593150
0.75000,3,4,3.0237073364,2.7052515856e-03,1,3.1415926536,0.1178853172
0.75000,3,5,16.0217219903,1.5655267875e-03,5,15.7079632679,0.3137587223
0.75000,3,6,15.8646462845,1.5489214415e-03,5,15.7079632679,0.1566830165
0.75000,3,7,0.0392689264,1.0933203404e-03,0,0.0000000000,0.0392689264
0.75000,4,1,12.6053253894,1.0000000000e+00,4,12.5663706144,0.0389547750
0.75000,4,2,12.3697118307,8.6683097316e-02,4,12.5663706144,0.1966587836
0.75000,4,3,12.7231321687,4.3860972167e-02,4,12.5663706144,0.1567615544
0.75000,4,4,12.8016700216,4.1628281267e-02,4,12.5663706144,0.2352994073
0.75000,4,5,13.0372835803,3.5337703938e-02,4,12.5663706144,0.4709129659
0.75000,4,6,12.2126361249,3.3532067528e-02,4,12.5663706144,0.3537344894
0.75000,4,7,12.9194768010,3.2162029795e-02,4,12.5663706144,0.3531061866
0.75000,4,8,13.2728971390,1.8219032716e-02,4,12.5663706144,0.7065265246
0.75000,4,9,11.4665265224,1.5314436459e-02,4,12.5663706144,1.0998440919
0.75000,4,10,11.7021400811,1.4657242204e-02,4,12.5663706144,0.8642305332
0.75000,4,11,13.1550903596,1.4536326126e-02,4,12.5663706144,0.5887197453
0.75000,4,12,12.1340982720,1.2339045449e-02,4,12.5663706144,0.4322723423
0.75000,5,1,15.8646462845,1.0000000000e+00,5,15.7079632679,0.1566830165
0.75000,5,2,15.7075705787,5.1619582908e-01,5,15.7079632679,0.0003926893
0.75000,5,3,16.0217219903,4.5348498237e-01,5,15.7079632679,0.3137587223
0.75000,5,4,9.6208869794,6.2740385264e-02,3,9.4247779608,0.1961090187
0.75000,5,5,9.4638112737,5.6078701827e-02,3,9.4247779608,0.0390333129
0.75000,5,6,3.0237073364,1.7738167872e-02,1,3.1415926536,0.1178853172
0.75000,5,7,3.2200519686,1.3692884686e-02,1,3.1415926536,0.0784593150
0.75000,5,8,22.3047502217,1.5185470513e-03,7,21.9911485751,0.3136016466
0.75000,5,9,22.4618259275,9.5531436593e-04,7,21.9911485751,0.4706773524
0.75000,5,10,22.1476745159,5.8913030093e-04,7,21.9911485751,0.1565259408
0.75000,5,11,3.3771276744,5.2130387655e-04,1,3.1415926536,0.2355350208
0.75000,5,12,0.0392689264,1.0009761276e-04,0,0.0000000000,0.0392689264
0.75000,6,1,18.8883536209,1.0000000000e+00,6,18.8495559215,0.0387976993
0.75000,6,2,18.8098157680,8.7356892925e-01,6,18.8495559215,0.0397401536
0.75000,6,3,19.0454293267,2.9006807687e-01,6,18.8495559215,0.1958734051
0.75000,6,4,18.6920089886,2.3191219912e-01,6,18.8495559215,0.1575469329
0.75000,6,5,3.2200519686,2.1995055055e-01,1,3.1415926536,0.0784593150
0.75000,6,6,19.4381185911,1.0821114359e-01,6,18.8495559215,0.5885626696
0.75000,6,7,18.3385886506,9.6957584466e-02,6,18.8495559215,0.5109672709
0.75000,6,8,18.4563954300,9.3928902649e-02,6,18.8495559215,0.3931604916
0.75000,6,9,19.2417739589,9.1888322476e-02,6,18.8495559215,0.3922180373
0.75000,6,10,19.6737321498,6.3807181899e-02,6,18.8495559215,0.8241762283
0.75000,6,11,19.5951942969,4.7009786943e-02,6,18.8495559215,0.7456383754
0.75000,6,12,18.1422440184,4.5687581353e-02,6,18.8495559215,0.7073119032
0.75000,7,1,22.3047502217,1.0000000000e+00,7,21.9911485751,0.3136016466
0.75000,7,2,22.1476745159,6.0111766211e-01,7,21.9911485751,0.1565259408
0.75000,7,3,21.9905988102,5.3543220628e-01,7,21.9911485751,0.0005497650
0.75000,7,4,22.4618259275,3.8661734458e-01,7,21.9911485751,0.4706773524
0.75000,7,5,15.8646462845,8.8823887447e-02,5,15.7079632679,0.1566830165
0.75000,7,6,16.0217219903,3.9338940721e-02,5,15.7079632679,0.3137587223
0.75000,7,7,15.7075705787,2.8527276696e-02,5,15.7079632679,0.0003926893
0.75000,7,8,3.2200519686,2.4958871496e-02,1,3.1415926536,0.0784593150
0.75000,7,9,3.3771276744,1.4431907102e-02,1,3.1415926536,0.2355350208
0.75000,7,10,9.4638112737,1.1936693643e-02,3,9.4247779608,0.0390333129
0.75000,7,11,9.3067355679,1.0973896529e-02,3,9.4247779608,0.1180423929
0.75000,7,12,3.0237073364,1.0637757178e-02,1,3.1415926536,0.1178853172
0.75000,8,1,25.1321129259,1.0000000000e+00,8,25.1327412287,0.0006283028
0.75000,8,2,25.0143061466,1.7249435692e-01,8,25.1327412287,0.1184350822
0.75000,8,3,25.3677264846,6.9390518101e-02,8,25.1327412287,0.2349852559
0.75000,8,4,24.8572304408,4.7592428796e-02,8,25.1327412287,0.2755107880
0.75000,8,5,24.7394236614,3.9560478615e-02,8,25.1327412287,0.3933175673
0.75000,8,6,24.5038101027,3.5214794554e-02,8,25.1327412287,0.6289311260
0.75000,8,7,25.5640711168,3.2660146592e-02,8,25.1327412287,0.4313298881
0.75000,8,8,3.2200519686,2.9143969317e-02,1,3.1415926536,0.0784593150
0.75000,8,9,24.6216168821,2.6044741374e-02,8,25.1327412287,0.5111243466
0.75000,8,10,25.9960293077,2.5731111559e-02,8,25.1327412287,0.8632880790
0.75000,8,11,24.2681965441,2.0501425465e-02,8,25.1327412287,0.8645446847
0.75000,8,12,24.3467343970,1.6842267090e-02,8,25.1327412287,0.7860068318
1.00000,1,1,3.2200519686,1.0000000000e+00,1,3.1415926536,0.0784593150
1.00000,1,2,9.6994248323,2.2868535395e-03,3,9.4247779608,0.2746468716
1.00000,1,3,0.0392689264,2.0207997121e-03,0,0.0000000000,0.0392689264
1.00000,1,4,2.9451694835,7.5871113144e-04,1,3.1415926536,0.1964231701
1.00000,2,1,6.3222971579,1.0000000000e+00,2,6.2831853072,0.0391118507
1.00000,2,2,6.2044903786,5.6272411588e-02,2,6.2831853072,0.0786949286
1.00000,2,3,6.0474146728,4.2442734143e-02,2,6.2831853072,0.2357706344
1.00000,2,4,6.5971796430,2.6661356174e-02,2,6.2831853072,0.3139943359
1.00000,2,5,5.9688768199,2.4318883826e-02,2,6.2831853072,0.3143084873
1.00000,2,6,5.7725321877,2.3446464978e-02,2,6.2831853072,0.5106531195
1.00000,2,7,3.2200519686,2.1805737441e-02,1,3.1415926536,0.0784593150
1.00000,2,8,5.5761875554,1.9640309028e-02,2,6.2831853072,0.7069977517
1.00000,2,9,7.3040203191,1.8884603564e-02,2,6.2831853072,1.0208350119
1.00000,2,10,6.7542553488,1.5826429635e-02,2,6.2831853072,0.4710700417
1.00000,2,11,5.4191118496,1.4728515310e-02,2,6.2831853072,0.8640734575
1.00000,2,12,6.9898689075,1.2917610746e-02,2,6.2831853072,0.7066836003
1.00000,3,1,9.6994248323,1.0000000000e+00,3,9.4247779608,0.2746468716
1.00000,3,2,9.4638112737,8.7444882983e-01,3,9.4247779608,0.0390333129
1.00000,3,3,3.2200519686,1.6890979101e-01,1,3.1415926536,0.0784593150
1.00000,3,4,2.9844384100,3.1921012210e-03,1,3.1415926536,0.1571542436
1.00000,3,5,16.1395287696,2.4156776870e-03,5,15.7079632679,0.4315655016
1.00000,3,6,15.9039152109,1.7714902478e-03,5,15.7079632679,0.1959519430
1.00000,3,7,0.0392689264,9.5895487035e-04,0,0.0000000000,0.0392689264
1.00000,3,8,9.2674666414,9.5401886685e-04,3,9.4247779608,0.1573113193
1.00000,3,9,9.9743073175,7.5938478315e-04,3,9.4247779608,0.5495293567
1.00000,3,10,3.4556655273,5.3823412898e-04,1,3.1415926536,0.3140728737
1.00000,4,1,12.6053253894,1.0000000000e+00,4,12.5663706144,0.0389547750
1.00000,4,2,12.8016700216,2.1324949623e-01,4,12.5663706144,0.2352994073
1.00000,4,3,12.4482496836,1.9192897268e-01,4,12.5663706144,0.1181209308
1.00000,4,4,12.2911739778,9.4641266546e-02,4,12.5663706144,0.2751966365
1.00000,4,5,12.0948293456,3.6029039711e-02,4,12.5663706144,0.4715412688
1.00000,4,6,12.1733671985,3.3333550046e-02,4,12.5663706144,0.3930034159
1.00000,4,7,13.3121660654,3.2268327818e-02,4,12.5663706144,0.7457954511
1.00000,4,8,13.1550903596,2.5221084488e-02,4,12.5663706144,0.5887197453
1.00000,4,9,13.0765525068,2.2629195476e-02,4,12.5663706144,0.5101818924
1.00000,4,10,13.4692417712,2.2131422681e-02,4,12.5663706144,0.9028711569
1.00000,4,11,13.5477796241,1.7904755967e-02,4,12.5663706144,0.9814090098
1.00000,4,12,11.4665265224,1.7897788719e-02,4,12.5663706144,1.0998440919
1.00000,5,1,15.9039152109,1.0000000000e+00,5,15.7079632679,0.1959519430
1.00000,5,2,16.1395287696,6.0540668860e-01,5,15.7079632679,0.4315655016
1.00000,5,3,15.7468395051,5.5442013224e-01,5,15.7079632679,0.0388762372
1.00000,5,4,9.6994248323,9.4686299919e-02,3,9.4247779608,0.2746468716
1.00000,5,5,9.4638112737,8.9156948002e-02,3,9.4247779608,0.0390333129
1.00000,5,6,2.9844384100,2.4916178351e-02,1,3.1415926536,0.1571542436
1.00000,5,7,3.2200519686,1.8134759488e-02,1,3.1415926536,0.0784593150
1.00000,5,8,22.3832880746,2.7238676783e-03,7,21.9911485751,0.3921394995
1.00000,5,9,22.6189016333,1.4859683764e-03,7,21.9911485751,0.6277530582
1.00000,5,10,9.2674666414,1.4779704717e-03,3,9.4247779608,0.1573113193
1.00000,5,11,16.3751423283,1.2833540339e-03,5,15.7079632679,0.6671790603
1.00000,5,12,22.1869434424,7.9030947107e-04,7,21.9911485751,0.1957948673
1.00000,6,1,18.8490846944,1.0000000000e+00,6,18.8495559215,0.0004712271
1.00000,6,2,19.0061604002,1.1942549836e-01,6,18.8495559215,0.1566044787
1.00000,6,3,19.0846982531,1.1582400892e-01,6,18.8495559215,0.2351423316
1.00000,6,4,18.6920089886,8.0603995012e-02,6,18.8495559215,0.1575469329
1.00000,6,5,3.2200519686,6.3971376684e-02,1,3.1415926536,0.0784593150
1.00000,6,6,18.5349332828,3.2153828115e-02,6,18.8495559215,0.3146226387
1.00000,6,7,19.4381185911,2.9589484474e-02,6,18.8495559215,0.5885626696
1.00000,6,8,19.5951942969,2.4071539223e-02,6,18.8495559215,0.7456383754
1.00000,6,9,19.7522700027,2.1752461010e-02,6,18.8495559215,0.9027140812
1.00000,6,10,20.0664214143,1.9508027665e-02,6,18.8495559215,1.2168654927
1.00000,6,11,18.3778575771,1.1604505070e-02,6,18.8495559215,0.4716983445
1.00000,6,12,17.4746722688,1.1258210981e-02,6,18.8495559215,1.3748836528
1.00000,7,1,22.3832880746,1.0000000000e+00,7,21.9911485751,0.3921394995
1.00000,7,2,21.9905988102,4.0428197837e-01,7,21.9911485751,0.0005497650
1.00000,7,3,22.6189016333,3.3185094289e-01,7,21.9911485751,0.6277530582
1.00000,7,4,22.1869434424,3.2132495267e-01,7,21.9911485751,0.1957948673
1.00000,7,5,15.9039152109,8.6404848070e-02,5,15.7079632679,0.1959519430
1.00000,7,6,16.1395287696,5.0251894883e-02,5,15.7079632679,0.4315655016
1.00000,7,7,15.7468395051,3.1011669345e-02,5,15.7079632679,0.0388762372
1.00000,7,8,3.2200519686,2.8120097150e-02,1,3.1415926536,0.0784593150
1.00000,7,9,3.4556655273,1.6176135443e-02,1,3.1415926536,0.3140728737
1.00000,7,10,9.2674666414,1.2137487701e-02,3,9.4247779608,0.1573113193
1.00000,7,11,9.4638112737,1.1550989944e-02,3,9.4247779608,0.0390333129
1.00000,7,12,2.9844384100,1.0078921677e-02,1,3.1415926536,0.1571542436
1.00000,8,1,25.1321129259,1.0000000000e+00,8,25.1327412287,0.0006283028
1.00000,8,2,25.3284575581,1.1453196508e-01,8,25.1327412287,0.1957163294
1.00000,8,3,24.9357682937,7.1965818990e-02,8,25.1327412287,0.1969729351
1.00000,8,4,25.4462643375,5.9364861018e-02,8,25.1327412287,0.3135231088
1.00000,8,5,25.7604157490,5.5810658578e-02,8,25.1327412287,0.6276745203
1.00000,8,6,24.7786925879,5.2719711535e-02,8,25.1327412287,0.3540486408
1.00000,8,7,25.5248021904,4.7329791829e-02,8,25.1327412287,0.3920609616
1.00000,8,8,3.2200519686,4.1645544312e-02,1,3.1415926536,0.0784593150
1.00000,8,9,25.6426089697,3.4440994598e-02,8,25.1327412287,0.5098677410
1.00000,8,10,26.4279874986,3.2045845063e-02,8,25.1327412287,1.2952462699
1.00000,8,11,24.5430790292,3.0130664843e-02,8,25.1327412287,0.5896621995
1.00000,8,12,24.3860033234,2.8602497351e-02,8,25.1327412287,0.7467379053
